Species_ID,Depth_m,Temperature_C,Salinity_PPS,Dissolved_Oxygen_mlL
Dendrophyllia_sp,93.1,22.16,40.475,4.29
Dendrophyllia_sp,85.4,21.2,40.548,4.33
Stylophora_pistillata,24.5,23.36,40.072,5.16
Dendrophyllia_sp,117.0,22.39,40.441,4.64
Stylophora_pistillata,23.3,25.56,40.288,5.36
Desmophyllum_pertusum,336.7,20.34,40.465,2.13
Desmophyllum_pertusum,403.0,21.83,40.392,1.43
Stylophora_pistillata,7.8,26.79,40.706,5.49
Stylophora_pistillata,28.2,26.18,40.733,5.78
Desmophyllum_pertusum,365.7,21.74,40.292,1.72
Desmophyllum_pertusum,419.2,21.29,40.307,1.8
Stylophora_pistillata,17.8,26.32,40.796,4.4
Stylophora_pistillata,23.7,25.49,40.563,6.03
Stylophora_pistillata,19.8,24.22,40.559,5.39
Dendrophyllia_sp,102.4,20.05,40.337,5.18
Stylophora_pistillata,10.1,24.59,40.717,5.63
Stylophora_pistillata,22.1,29.68,40.266,5.63
Dendrophyllia_sp,120.6,22.86,40.744,4.17
Stylophora_pistillata,22.4,23.66,40.364,6.07
Dendrophyllia_sp,118.2,22.56,40.422,3.96
Stylophora_pistillata,25.8,22.98,40.524,5.19
Dendrophyllia_sp,106.4,20.66,40.55,4.04
Dendrophyllia_sp,120.5,24.07,40.113,4.76
Stylophora_pistillata,17.5,25.44,40.673,5.5
Stylophora_pistillata,29.9,30.75,40.512,5.02
Dendrophyllia_sp,97.9,23.38,40.625,4.91
Dendrophyllia_sp,135.8,22.64,40.601,3.76
Desmophyllum_pertusum,422.3,20.6,40.315,2.13
Stylophora_pistillata,25.6,24.84,40.35,5.61
Stylophora_pistillata,0.8,26.86,40.19,5.03
Stylophora_pistillata,4.7,26.78,40.418,5.8
Dendrophyllia_sp,86.5,23.97,40.406,3.97
Stylophora_pistillata,29.2,27.39,40.869,6.05
Stylophora_pistillata,36.3,25.62,40.353,5.14
Desmophyllum_pertusum,423.6,21.2,40.369,1.99
Stylophora_pistillata,17.4,27.49,40.354,6.07
Stylophora_pistillata,19.6,24.54,40.081,5.77
Desmophyllum_pertusum,414.2,20.06,40.733,2.04
Stylophora_pistillata,34.4,28.62,40.707,5.47
Stylophora_pistillata,24.2,26.98,40.403,5.58
Stylophora_pistillata,10.6,27.72,40.561,5.84
Stylophora_pistillata,35.6,23.52,40.377,6.27
Stylophora_pistillata,11.1,27.54,40.552,6.28
Stylophora_pistillata,30.9,26.96,40.519,5.46
Dendrophyllia_sp,129.3,24.73,40.835,4.54
Stylophora_pistillata,27.8,25.79,40.731,5.51
Dendrophyllia_sp,99.9,21.82,40.43,4.83
Dendrophyllia_sp,120.7,21.83,40.565,3.93
Stylophora_pistillata,3.3,27.17,40.331,5.5
Stylophora_pistillata,19.5,26.13,40.955,6.07
Desmophyllum_pertusum,356.2,21.33,40.453,1.91
Desmophyllum_pertusum,371.5,19.65,40.435,1.5
Dendrophyllia_sp,57.0,22.81,40.795,4.87
Desmophyllum_pertusum,400.4,20.16,40.568,2.05
Dendrophyllia_sp,63.4,22.83,40.38,4.46
Stylophora_pistillata,13.7,27.07,40.369,5.75
Stylophora_pistillata,14.0,26.39,40.439,6.08
Desmophyllum_pertusum,499.6,22.01,40.779,2.19
Desmophyllum_pertusum,343.0,20.75,40.092,2.26
Desmophyllum_pertusum,437.0,20.49,40.694,2.1
Desmophyllum_pertusum,390.9,21.4,40.581,2.14
Dendrophyllia_sp,61.4,21.91,40.487,4.32
Stylophora_pistillata,18.1,25.89,40.24,5.82
Stylophora_pistillata,15.4,22.71,40.48,5.41
Stylophora_pistillata,39.9,25.79,40.507,5.05
Desmophyllum_pertusum,411.7,20.12,40.615,2.47
Desmophyllum_pertusum,381.0,21.07,40.615,1.98
Desmophyllum_pertusum,412.3,21.07,40.711,2.03
Stylophora_pistillata,54.0,25.8,40.897,5.4
Desmophyllum_pertusum,332.8,20.28,40.377,1.93
Desmophyllum_pertusum,366.2,20.7,40.49,1.97
Dendrophyllia_sp,73.7,22.02,40.606,4.65
Dendrophyllia_sp,58.8,25.46,40.337,4.7
Desmophyllum_pertusum,413.0,20.71,40.37,1.51
Desmophyllum_pertusum,504.5,19.74,40.552,1.57
Desmophyllum_pertusum,349.7,20.16,40.598,2.01
Stylophora_pistillata,21.2,25.58,40.416,5.31
Stylophora_pistillata,39.5,26.25,40.365,5.53
Desmophyllum_pertusum,288.7,22.1,40.032,0.98
Dendrophyllia_sp,137.5,20.02,40.627,5.41
Dendrophyllia_sp,122.6,23.54,40.318,4.63
Desmophyllum_pertusum,395.9,21.37,40.693,2.06
Dendrophyllia_sp,141.1,23.81,40.364,4.45
Dendrophyllia_sp,97.1,22.4,40.522,4.19
Stylophora_pistillata,16.5,25.99,40.877,5.66
Desmophyllum_pertusum,407.1,20.49,40.253,1.63
Dendrophyllia_sp,55.6,23.33,40.169,4.6
Desmophyllum_pertusum,404.5,20.61,40.594,0.86
Desmophyllum_pertusum,360.8,21.68,40.503,2.25
Desmophyllum_pertusum,318.6,22.27,40.54,1.99
Desmophyllum_pertusum,515.2,19.41,40.252,2.18
Stylophora_pistillata,17.9,25.61,40.513,5.58
Stylophora_pistillata,23.7,27.65,40.598,5.62
Desmophyllum_pertusum,434.3,21.1,40.379,2.07
Desmophyllum_pertusum,312.4,22.54,40.149,1.78
Desmophyllum_pertusum,327.5,20.92,40.533,2.18
Dendrophyllia_sp,102.6,22.33,40.158,4.08
Desmophyllum_pertusum,442.7,21.08,40.524,2.82
Desmophyllum_pertusum,322.1,21.04,40.605,2.93
Stylophora_pistillata,34.1,30.71,40.416,5.68
Desmophyllum_pertusum,422.1,20.33,40.219,1.87
Stylophora_pistillata,5.8,27.4,40.149,6.23
Dendrophyllia_sp,111.9,19.33,40.697,4.43
Stylophora_pistillata,26.3,25.23,40.341,4.59
Desmophyllum_pertusum,423.8,21.12,40.45,2.17
Dendrophyllia_sp,119.5,23.3,40.508,5.02
Desmophyllum_pertusum,324.3,21.19,40.457,2.47
Dendrophyllia_sp,104.7,24.28,40.68,3.01
Stylophora_pistillata,17.7,25.19,40.412,6.42
Stylophora_pistillata,27.0,26.12,40.281,5.88
Desmophyllum_pertusum,432.3,20.77,40.003,2.55
Dendrophyllia_sp,109.3,19.99,40.128,4.36
Desmophyllum_pertusum,351.0,21.39,40.3,2.19
Desmophyllum_pertusum,388.6,21.09,40.405,2.18
Dendrophyllia_sp,57.8,22.37,40.375,4.19
Dendrophyllia_sp,99.0,23.34,40.522,3.56
Desmophyllum_pertusum,361.5,21.34,40.197,2.14
Desmophyllum_pertusum,488.9,19.0,40.486,1.7
Stylophora_pistillata,5.2,26.6,40.31,4.46
Stylophora_pistillata,29.2,27.77,40.721,5.54
Stylophora_pistillata,24.5,26.66,40.643,6.07
Desmophyllum_pertusum,443.8,21.08,40.492,1.92
Dendrophyllia_sp,91.7,22.36,40.421,4.99
Dendrophyllia_sp,130.5,22.34,40.422,3.61
Dendrophyllia_sp,106.2,22.15,40.582,4.95
Stylophora_pistillata,12.5,27.11,40.904,5.84
Stylophora_pistillata,19.3,25.46,40.646,5.41
Dendrophyllia_sp,102.0,21.02,40.724,4.69
Dendrophyllia_sp,49.2,20.93,40.628,5.05
Desmophyllum_pertusum,436.2,21.19,40.614,2.42
Dendrophyllia_sp,78.8,21.87,40.49,5.07
Stylophora_pistillata,13.1,25.6,40.668,4.65
Dendrophyllia_sp,148.7,21.99,40.755,4.68
Dendrophyllia_sp,123.7,21.67,40.605,4.7
Desmophyllum_pertusum,407.0,19.48,40.444,2.29
Desmophyllum_pertusum,440.6,21.87,40.193,2.21
Desmophyllum_pertusum,475.3,21.61,40.895,2.17
Dendrophyllia_sp,109.8,22.58,40.294,5.27
Dendrophyllia_sp,91.9,21.66,41.119,3.94
Stylophora_pistillata,14.4,25.94,40.403,4.98
Desmophyllum_pertusum,408.9,22.06,40.492,2.47
Desmophyllum_pertusum,450.4,20.3,40.65,1.39
Desmophyllum_pertusum,378.3,20.94,40.426,2.15
Stylophora_pistillata,15.1,25.51,40.709,5.58
Stylophora_pistillata,29.7,23.89,40.551,4.67
Dendrophyllia_sp,122.7,21.05,40.799,3.93
Dendrophyllia_sp,89.7,22.48,40.362,4.34
Stylophora_pistillata,7.2,27.35,40.191,5.99
Dendrophyllia_sp,147.0,22.14,40.289,4.82
Stylophora_pistillata,42.5,25.59,40.575,5.59
Dendrophyllia_sp,108.3,21.99,40.826,3.92
Desmophyllum_pertusum,416.4,21.18,40.823,2.19
Desmophyllum_pertusum,318.6,20.89,40.627,2.57
Desmophyllum_pertusum,381.4,20.19,40.819,1.84
Stylophora_pistillata,1.5,25.63,40.36,5.07
Desmophyllum_pertusum,468.5,22.66,40.017,1.9
Dendrophyllia_sp,116.3,23.08,40.487,4.65
Stylophora_pistillata,19.8,26.8,40.991,6.87
Desmophyllum_pertusum,467.8,21.32,40.468,1.63
Stylophora_pistillata,22.7,25.39,40.471,5.21
Desmophyllum_pertusum,409.0,21.74,40.609,2.05
Stylophora_pistillata,18.1,26.33,40.535,6.13
Stylophora_pistillata,24.7,25.86,40.334,5.95
Stylophora_pistillata,14.7,24.11,40.994,5.0
Desmophyllum_pertusum,413.2,20.65,40.226,2.27
Desmophyllum_pertusum,525.9,22.28,40.842,1.45
Dendrophyllia_sp,110.4,20.81,40.358,3.73
Stylophora_pistillata,19.0,26.44,40.626,5.67
Dendrophyllia_sp,44.1,23.29,40.584,4.85
Desmophyllum_pertusum,392.6,20.55,40.817,2.13
Stylophora_pistillata,0.6,24.93,40.555,5.29
Stylophora_pistillata,11.7,26.03,40.269,6.43
Desmophyllum_pertusum,396.4,22.43,40.274,1.91
Dendrophyllia_sp,100.9,22.79,40.677,4.8
Stylophora_pistillata,30.8,25.23,40.698,5.6
Desmophyllum_pertusum,362.6,21.06,40.525,1.98
Stylophora_pistillata,47.3,24.29,40.513,5.1
Stylophora_pistillata,9.7,26.33,40.513,5.37
Desmophyllum_pertusum,442.6,21.34,40.097,1.39
Desmophyllum_pertusum,368.1,20.36,40.56,1.75
Stylophora_pistillata,27.6,26.48,40.203,5.21
Dendrophyllia_sp,117.0,22.15,40.111,5.57
Dendrophyllia_sp,121.1,22.72,40.497,4.66
Desmophyllum_pertusum,364.9,20.98,40.261,1.74
Stylophora_pistillata,15.0,27.47,40.468,5.55
Desmophyllum_pertusum,341.8,21.36,40.325,1.29
Stylophora_pistillata,21.0,24.86,40.531,5.52
Dendrophyllia_sp,119.2,23.67,40.506,4.47
Dendrophyllia_sp,87.8,20.69,40.537,4.98
Dendrophyllia_sp,105.8,20.8,40.475,3.65
Dendrophyllia_sp,132.4,20.93,40.45,4.2
Stylophora_pistillata,24.0,26.3,40.485,5.57
Desmophyllum_pertusum,475.7,21.47,40.572,2.34
Dendrophyllia_sp,83.9,22.2,40.398,4.04
Stylophora_pistillata,25.2,28.89,40.61,5.32
Desmophyllum_pertusum,438.9,21.97,40.292,2.06
Desmophyllum_pertusum,360.1,21.62,40.364,2.28
Stylophora_pistillata,22.9,28.93,40.533,5.08
Stylophora_pistillata,13.7,27.13,40.315,5.63
Dendrophyllia_sp,91.6,23.91,40.303,4.45
Stylophora_pistillata,21.9,25.96,40.584,4.93
Dendrophyllia_sp,87.6,21.81,40.742,3.28
Desmophyllum_pertusum,311.3,22.31,40.385,2.54
Stylophora_pistillata,19.4,26.16,40.912,5.83
Desmophyllum_pertusum,482.2,22.32,40.67,1.72
Stylophora_pistillata,28.8,25.28,40.596,4.78
Dendrophyllia_sp,116.6,23.03,40.954,4.26
Dendrophyllia_sp,85.8,22.32,40.402,4.71
Desmophyllum_pertusum,434.0,20.79,40.539,2.42
Stylophora_pistillata,24.3,26.14,40.278,5.69
Desmophyllum_pertusum,396.3,21.59,40.594,2.3
Dendrophyllia_sp,102.8,21.46,40.286,4.44
Stylophora_pistillata,9.1,25.1,40.295,5.6
Dendrophyllia_sp,104.6,21.97,40.479,5.34
Stylophora_pistillata,21.2,24.35,40.493,5.32
Stylophora_pistillata,34.0,25.72,40.702,4.96
Dendrophyllia_sp,105.3,23.54,40.488,4.38
Dendrophyllia_sp,150.4,22.38,40.463,5.6
Dendrophyllia_sp,81.7,23.3,40.346,3.93
Stylophora_pistillata,28.9,24.73,40.866,6.13
Desmophyllum_pertusum,333.5,20.14,40.074,2.22
Stylophora_pistillata,19.8,23.94,40.738,5.71
Dendrophyllia_sp,32.1,22.49,40.76,4.52
Dendrophyllia_sp,114.9,20.32,40.505,4.95
Stylophora_pistillata,29.8,25.34,40.449,6.08
Stylophora_pistillata,19.7,25.1,40.557,4.79
Stylophora_pistillata,30.1,26.47,40.495,4.24
Stylophora_pistillata,16.2,25.31,40.589,6.08
Dendrophyllia_sp,68.2,23.51,40.527,4.53
Desmophyllum_pertusum,364.8,20.35,40.381,1.91
Stylophora_pistillata,27.6,26.59,40.722,5.76
Dendrophyllia_sp,91.1,19.47,40.452,3.73
Dendrophyllia_sp,97.4,20.65,40.65,4.45
Stylophora_pistillata,26.0,28.62,40.345,6.95
Desmophyllum_pertusum,310.6,20.94,40.53,1.98
Dendrophyllia_sp,65.6,23.07,40.175,5.3
Desmophyllum_pertusum,404.7,22.07,40.6,1.76
Stylophora_pistillata,29.6,25.66,40.422,5.44
Stylophora_pistillata,39.9,25.41,40.399,6.02
Dendrophyllia_sp,73.6,22.15,40.352,4.91
Desmophyllum_pertusum,382.8,19.52,40.366,2.09
Desmophyllum_pertusum,388.4,20.04,40.402,1.96
Desmophyllum_pertusum,388.2,21.18,40.341,2.28
Stylophora_pistillata,24.0,25.52,40.426,5.33
Dendrophyllia_sp,128.4,22.24,40.392,4.84
Desmophyllum_pertusum,372.2,21.95,40.539,1.47
Stylophora_pistillata,30.9,26.34,40.153,6.15
Dendrophyllia_sp,113.3,21.32,40.493,4.6
Dendrophyllia_sp,78.1,21.59,40.624,5.09
Desmophyllum_pertusum,402.2,20.86,40.311,2.03
Desmophyllum_pertusum,318.7,21.98,40.591,1.71
Dendrophyllia_sp,89.3,20.54,40.546,4.09
Desmophyllum_pertusum,325.8,22.16,40.263,1.63
Desmophyllum_pertusum,463.4,21.37,40.501,1.77
Dendrophyllia_sp,53.6,19.71,40.493,4.08
Stylophora_pistillata,30.8,22.14,40.54,4.73
Desmophyllum_pertusum,312.8,20.35,40.264,2.47
Dendrophyllia_sp,109.0,21.9,40.506,4.64
Dendrophyllia_sp,51.7,23.93,40.316,3.56
Stylophora_pistillata,22.5,24.33,40.844,5.97
Stylophora_pistillata,48.8,24.29,40.52,5.69
Stylophora_pistillata,15.5,24.42,40.497,6.01
Desmophyllum_pertusum,308.1,21.33,40.775,1.3
Desmophyllum_pertusum,545.9,20.41,40.804,2.43
Dendrophyllia_sp,134.2,22.92,40.538,4.84
Dendrophyllia_sp,101.1,22.75,40.394,5.13
Dendrophyllia_sp,126.4,22.29,40.586,4.95
Stylophora_pistillata,23.7,26.98,40.336,5.72
Desmophyllum_pertusum,508.8,21.59,40.659,2.49
Desmophyllum_pertusum,314.1,20.54,40.675,1.66
Desmophyllum_pertusum,374.8,20.74,40.741,1.94
Stylophora_pistillata,15.2,22.09,40.542,5.49
Desmophyllum_pertusum,316.7,20.39,40.534,1.72
Dendrophyllia_sp,107.4,21.9,40.641,5.01
Desmophyllum_pertusum,379.3,20.75,40.439,1.98
Dendrophyllia_sp,70.1,21.65,40.537,5.02
Stylophora_pistillata,12.7,29.23,40.337,6.32
Dendrophyllia_sp,98.6,21.95,40.623,4.82
Desmophyllum_pertusum,398.3,20.02,40.488,2.55
Stylophora_pistillata,24.3,28.09,40.426,5.76
Desmophyllum_pertusum,437.6,20.65,40.32,1.36
Stylophora_pistillata,27.2,25.56,40.523,6.42
Stylophora_pistillata,17.8,24.38,40.301,5.36
Stylophora_pistillata,21.2,25.8,40.478,5.62
Stylophora_pistillata,38.3,24.8,40.538,5.76
Desmophyllum_pertusum,371.7,22.23,40.618,2.03
Dendrophyllia_sp,118.8,23.87,40.367,4.71
Desmophyllum_pertusum,404.0,21.82,40.607,1.98
Desmophyllum_pertusum,335.4,21.33,40.612,1.67
Stylophora_pistillata,24.7,26.84,40.749,5.35
Stylophora_pistillata,22.5,26.95,40.617,4.96
Stylophora_pistillata,2.8,26.26,40.958,5.39
Desmophyllum_pertusum,331.7,20.07,40.592,2.28
Dendrophyllia_sp,61.7,21.8,40.71,4.96
Desmophyllum_pertusum,357.8,21.53,40.259,2.42
Stylophora_pistillata,40.1,25.64,40.402,5.87
Dendrophyllia_sp,87.9,23.37,40.451,4.25
Dendrophyllia_sp,85.0,20.46,40.52,3.98
Desmophyllum_pertusum,460.9,20.29,40.632,2.43
Stylophora_pistillata,21.2,25.38,40.823,5.81
Dendrophyllia_sp,91.9,19.96,40.543,4.9
Dendrophyllia_sp,67.2,21.64,40.478,4.58
Dendrophyllia_sp,105.6,22.83,40.739,4.64
Dendrophyllia_sp,116.3,23.02,40.37,4.79
Desmophyllum_pertusum,359.7,21.1,40.664,1.64
Desmophyllum_pertusum,454.9,20.16,40.641,1.57
Desmophyllum_pertusum,482.9,21.07,40.605,2.11
Dendrophyllia_sp,137.4,21.54,40.315,5.49
Stylophora_pistillata,21.1,25.11,40.699,4.51
Dendrophyllia_sp,101.4,21.2,40.647,4.7
Stylophora_pistillata,18.0,27.35,40.67,4.9
Dendrophyllia_sp,102.1,21.43,40.539,4.95
Stylophora_pistillata,13.1,28.23,40.439,5.53
Dendrophyllia_sp,121.4,23.16,40.585,4.24
Desmophyllum_pertusum,398.0,21.31,40.197,1.94
Desmophyllum_pertusum,353.2,20.17,40.748,1.95
Dendrophyllia_sp,98.6,21.9,40.79,4.49
Desmophyllum_pertusum,335.7,21.19,40.523,1.76
Desmophyllum_pertusum,335.0,20.72,40.507,1.67
Dendrophyllia_sp,162.4,20.93,40.356,4.13
Stylophora_pistillata,37.2,26.08,40.654,4.88
Dendrophyllia_sp,128.5,23.89,40.631,4.6
Stylophora_pistillata,48.7,24.6,40.4,4.9
Stylophora_pistillata,24.0,26.69,40.613,5.26
Desmophyllum_pertusum,357.7,20.13,40.412,2.43
Desmophyllum_pertusum,370.6,22.31,40.712,2.26
Dendrophyllia_sp,76.2,21.14,40.357,4.27
Dendrophyllia_sp,141.0,19.77,40.473,4.53
Dendrophyllia_sp,68.4,22.33,40.842,5.03
Stylophora_pistillata,18.1,26.7,40.7,5.16
Dendrophyllia_sp,81.0,23.79,40.672,5.22
Desmophyllum_pertusum,401.7,20.65,40.55,1.93
Desmophyllum_pertusum,399.0,21.33,40.609,2.72
Stylophora_pistillata,32.4,24.99,40.23,4.82
Stylophora_pistillata,18.1,26.16,40.79,5.6
Stylophora_pistillata,13.2,27.15,40.573,5.01
Desmophyllum_pertusum,378.5,20.24,40.287,1.14
Dendrophyllia_sp,137.4,24.47,40.365,4.51
Desmophyllum_pertusum,363.0,21.58,40.587,1.66
Dendrophyllia_sp,85.7,22.65,40.607,5.2
Dendrophyllia_sp,120.7,23.77,40.452,4.61
Stylophora_pistillata,41.7,26.3,40.502,6.55
Stylophora_pistillata,21.3,25.5,40.49,6.04
Stylophora_pistillata,10.6,27.38,40.71,5.19
Stylophora_pistillata,22.7,26.39,40.786,4.52
Stylophora_pistillata,25.8,24.97,40.232,5.48
Dendrophyllia_sp,101.5,21.18,40.769,4.21
Desmophyllum_pertusum,361.1,22.08,40.409,2.42
Dendrophyllia_sp,116.3,20.93,40.634,4.27
Stylophora_pistillata,24.6,28.41,40.271,5.72
Stylophora_pistillata,21.2,24.05,40.178,6.19
Dendrophyllia_sp,83.7,24.51,40.293,5.01
Desmophyllum_pertusum,473.2,20.87,40.254,2.6
Stylophora_pistillata,19.5,23.4,40.484,5.73
Desmophyllum_pertusum,348.2,20.86,40.321,2.17
Stylophora_pistillata,9.7,28.21,40.648,5.91
Stylophora_pistillata,17.9,25.63,40.513,5.09
Desmophyllum_pertusum,459.9,20.99,40.594,1.91
Desmophyllum_pertusum,459.6,20.55,40.399,2.35
Dendrophyllia_sp,85.2,20.21,40.15,4.64
Dendrophyllia_sp,111.4,21.62,40.806,4.46
Dendrophyllia_sp,57.7,21.82,40.724,4.83
Desmophyllum_pertusum,367.9,20.53,40.796,2.98
Dendrophyllia_sp,98.3,24.57,40.236,5.09
Desmophyllum_pertusum,428.7,21.18,41.112,2.03
Stylophora_pistillata,17.7,26.52,40.539,5.85
Stylophora_pistillata,13.2,25.94,40.66,6.05
Dendrophyllia_sp,92.7,20.88,40.449,5.03
Stylophora_pistillata,24.8,26.97,40.461,5.44
Desmophyllum_pertusum,359.3,20.38,40.746,1.4
Stylophora_pistillata,8.2,24.8,40.348,5.12
Stylophora_pistillata,15.2,24.11,40.402,4.94
Dendrophyllia_sp,115.8,19.95,41.039,4.43
Desmophyllum_pertusum,349.6,21.01,40.301,2.51
Desmophyllum_pertusum,491.0,21.08,40.574,2.63
Dendrophyllia_sp,39.1,24.81,40.649,5.03
Desmophyllum_pertusum,384.0,21.25,40.107,1.82
Stylophora_pistillata,28.9,28.61,40.579,5.52
Stylophora_pistillata,10.1,26.16,40.449,5.66
Desmophyllum_pertusum,439.7,20.54,40.394,2.37
Dendrophyllia_sp,135.1,21.02,40.166,4.26
Stylophora_pistillata,25.5,27.76,40.347,6.16
Stylophora_pistillata,12.7,25.28,40.353,5.9
Stylophora_pistillata,35.8,27.42,40.877,6.02
Stylophora_pistillata,16.7,28.15,40.074,5.46
Desmophyllum_pertusum,403.6,21.19,40.345,2.23
Dendrophyllia_sp,140.7,21.14,40.593,4.61
Dendrophyllia_sp,87.3,22.05,40.465,4.94
Desmophyllum_pertusum,455.4,20.28,40.172,1.55
Desmophyllum_pertusum,341.9,20.52,40.266,2.29
Desmophyllum_pertusum,469.6,21.7,40.63,1.73
Stylophora_pistillata,12.1,27.2,40.172,6.16
Desmophyllum_pertusum,399.9,20.87,40.372,1.38
Dendrophyllia_sp,115.3,21.94,40.915,4.62
Desmophyllum_pertusum,330.0,21.33,40.796,1.75
Dendrophyllia_sp,120.1,22.57,40.335,4.28
Desmophyllum_pertusum,408.5,21.28,40.24,2.14
Desmophyllum_pertusum,357.3,21.27,40.525,1.31
Stylophora_pistillata,21.5,26.31,40.09,6.61
Desmophyllum_pertusum,371.8,20.74,40.514,2.68
Dendrophyllia_sp,105.7,19.56,40.328,4.55
Stylophora_pistillata,29.5,24.39,40.586,5.91
Desmophyllum_pertusum,408.0,20.87,40.708,1.67
Desmophyllum_pertusum,439.7,22.18,40.126,1.78
Dendrophyllia_sp,97.2,20.54,40.336,4.99
Stylophora_pistillata,43.1,24.95,40.515,5.08
Dendrophyllia_sp,116.2,19.75,40.739,4.69
Stylophora_pistillata,24.6,29.37,40.319,5.18
Desmophyllum_pertusum,379.7,20.9,40.704,1.64
Dendrophyllia_sp,49.3,20.62,40.27,3.86
Desmophyllum_pertusum,419.2,22.2,40.611,1.83
Desmophyllum_pertusum,373.4,21.14,40.561,1.57
Stylophora_pistillata,26.3,24.11,40.362,5.65
Desmophyllum_pertusum,348.5,19.73,40.797,1.9
Stylophora_pistillata,38.3,26.96,40.614,5.23
Desmophyllum_pertusum,297.8,21.76,40.631,2.28
Desmophyllum_pertusum,359.7,20.7,40.399,1.54
Dendrophyllia_sp,99.5,22.15,40.28,4.33
Desmophyllum_pertusum,315.7,22.22,40.296,2.11
Dendrophyllia_sp,92.4,19.9,40.406,4.41
Stylophora_pistillata,23.3,25.52,40.345,4.51
Stylophora_pistillata,15.9,26.74,40.37,6.26
Stylophora_pistillata,10.5,26.11,40.15,5.19
Desmophyllum_pertusum,410.5,21.21,40.605,1.68
Dendrophyllia_sp,72.4,21.58,40.603,4.11
Desmophyllum_pertusum,421.9,21.1,40.489,1.79
Dendrophyllia_sp,116.2,23.2,40.135,4.66
Desmophyllum_pertusum,499.5,21.78,40.489,2.26
Stylophora_pistillata,17.2,28.94,40.493,5.64
Dendrophyllia_sp,113.7,23.15,40.68,4.68
Desmophyllum_pertusum,427.8,20.35,40.653,2.12
Stylophora_pistillata,30.0,24.71,40.416,5.72
Stylophora_pistillata,38.1,27.06,40.721,5.46
Desmophyllum_pertusum,497.6,22.09,40.345,2.02
Desmophyllum_pertusum,418.2,20.36,40.675,2.11
Desmophyllum_pertusum,461.0,21.28,40.452,1.8
Desmophyllum_pertusum,430.4,21.11,40.659,1.66
Dendrophyllia_sp,97.8,23.98,40.24,4.09
Desmophyllum_pertusum,412.1,21.19,40.231,1.64
Dendrophyllia_sp,88.6,20.85,40.103,4.37
Desmophyllum_pertusum,458.3,21.11,40.565,2.11
Stylophora_pistillata,27.6,27.09,40.725,5.33
Dendrophyllia_sp,124.9,23.7,40.372,4.21
Dendrophyllia_sp,101.8,21.02,40.508,4.63
Dendrophyllia_sp,65.0,23.8,40.615,5.15
Stylophora_pistillata,6.8,25.3,40.564,6.12
Stylophora_pistillata,21.8,28.23,40.384,5.66
Desmophyllum_pertusum,344.9,20.84,40.713,1.97
Stylophora_pistillata,15.9,22.23,40.163,5.37
Dendrophyllia_sp,61.3,19.91,40.816,5.27
Stylophora_pistillata,51.9,24.77,40.428,4.38
Stylophora_pistillata,12.6,28.12,40.434,5.85
Desmophyllum_pertusum,500.9,21.7,40.534,1.95
Dendrophyllia_sp,61.2,23.03,40.719,4.71
Desmophyllum_pertusum,357.6,21.47,40.184,1.62
Desmophyllum_pertusum,469.3,22.36,40.365,1.96
Dendrophyllia_sp,85.8,22.26,40.545,4.34
Dendrophyllia_sp,117.5,22.11,40.754,5.03
Desmophyllum_pertusum,278.9,20.13,40.492,1.88
Desmophyllum_pertusum,399.8,21.87,40.639,1.59
Dendrophyllia_sp,103.5,21.75,40.433,4.56
Dendrophyllia_sp,85.1,20.76,40.703,4.54
Desmophyllum_pertusum,409.4,20.1,40.456,1.86
Desmophyllum_pertusum,401.5,21.85,40.447,2.23
Dendrophyllia_sp,70.5,24.18,40.601,3.26
Desmophyllum_pertusum,457.4,20.09,40.581,1.72
Stylophora_pistillata,26.4,26.52,40.375,5.42
Stylophora_pistillata,19.7,28.07,40.606,5.77
Dendrophyllia_sp,120.2,19.77,40.807,4.15
Dendrophyllia_sp,109.4,20.21,39.975,4.28
Desmophyllum_pertusum,385.0,20.95,40.299,2.12
Dendrophyllia_sp,122.3,21.86,40.775,5.14
Desmophyllum_pertusum,342.1,20.56,40.614,1.28
Dendrophyllia_sp,56.9,23.01,40.322,4.12
Desmophyllum_pertusum,352.8,21.02,40.67,1.68
Desmophyllum_pertusum,397.7,21.77,40.564,2.31
Stylophora_pistillata,7.7,24.71,40.096,6.08
Desmophyllum_pertusum,476.6,20.68,40.356,1.75
Stylophora_pistillata,8.0,27.71,40.318,5.43
Stylophora_pistillata,7.0,30.03,40.305,4.96
Dendrophyllia_sp,91.3,22.54,40.73,4.08
Stylophora_pistillata,20.8,24.62,40.507,6.06
Dendrophyllia_sp,57.0,20.29,40.597,4.6
Dendrophyllia_sp,126.7,21.56,40.4,3.5
Dendrophyllia_sp,122.8,21.74,40.71,4.58
Dendrophyllia_sp,107.7,21.76,40.302,4.68
Desmophyllum_pertusum,453.1,20.42,40.585,1.95
Stylophora_pistillata,15.7,25.77,40.34,5.21
Dendrophyllia_sp,83.0,22.34,40.359,3.91
Desmophyllum_pertusum,407.9,22.18,40.43,2.1
Stylophora_pistillata,33.9,26.6,40.641,5.18
Dendrophyllia_sp,99.5,21.76,40.304,4.91
Stylophora_pistillata,16.7,25.11,40.458,4.91
Dendrophyllia_sp,89.9,21.05,40.395,4.44
Desmophyllum_pertusum,396.1,20.99,40.248,1.48
Dendrophyllia_sp,101.7,22.63,40.172,4.1
Stylophora_pistillata,20.9,27.93,40.659,5.46
Stylophora_pistillata,8.3,25.45,40.596,5.95
Dendrophyllia_sp,123.9,23.46,40.301,4.44
Dendrophyllia_sp,77.2,23.88,40.751,3.82
Stylophora_pistillata,29.5,28.02,40.724,5.61
Dendrophyllia_sp,79.0,21.54,40.567,4.95
Stylophora_pistillata,7.5,28.46,40.4,5.68
Dendrophyllia_sp,76.5,20.65,40.553,4.32
Stylophora_pistillata,7.0,24.22,40.558,4.86
Desmophyllum_pertusum,418.9,20.88,40.551,2.34
Desmophyllum_pertusum,474.0,20.61,40.207,1.99
Dendrophyllia_sp,43.0,23.29,40.596,5.01
Stylophora_pistillata,10.5,26.0,40.141,5.0
Stylophora_pistillata,18.9,26.7,40.414,6.91
Stylophora_pistillata,30.3,23.93,40.672,5.06
Desmophyllum_pertusum,350.8,20.7,40.306,1.82
Desmophyllum_pertusum,404.2,21.48,41.001,2.38
Desmophyllum_pertusum,450.5,18.73,40.237,1.23
Desmophyllum_pertusum,410.1,20.28,40.453,2.18
Desmophyllum_pertusum,324.3,20.71,40.595,1.88
Stylophora_pistillata,42.8,27.56,40.411,4.83
Stylophora_pistillata,27.0,24.95,40.69,4.81
Stylophora_pistillata,18.4,23.0,40.325,5.49
Stylophora_pistillata,32.3,25.01,40.803,4.13
Stylophora_pistillata,33.5,23.76,40.71,5.64
Desmophyllum_pertusum,411.1,20.25,40.823,1.9
Desmophyllum_pertusum,351.3,20.92,40.314,2.07
Dendrophyllia_sp,149.6,21.36,40.377,4.3
Desmophyllum_pertusum,484.7,20.98,40.433,2.09
Desmophyllum_pertusum,430.7,21.57,40.128,1.96
Stylophora_pistillata,19.0,30.98,40.384,6.1
Dendrophyllia_sp,138.9,23.38,40.665,4.2
Stylophora_pistillata,1.1,26.99,40.676,5.93
Desmophyllum_pertusum,396.2,20.08,40.616,2.29
Stylophora_pistillata,34.6,28.11,40.517,5.37
Stylophora_pistillata,21.1,23.72,40.183,5.66
Stylophora_pistillata,24.5,26.96,40.015,6.0
Desmophyllum_pertusum,420.2,20.03,40.084,2.16
Dendrophyllia_sp,79.1,21.69,40.396,4.9
Stylophora_pistillata,1.2,24.55,40.815,5.44
Desmophyllum_pertusum,347.9,20.86,40.639,1.87
Dendrophyllia_sp,91.4,22.19,40.678,4.92
Stylophora_pistillata,27.3,24.98,40.699,5.49
Dendrophyllia_sp,149.0,21.12,40.537,3.92
Desmophyllum_pertusum,317.1,21.5,41.063,2.26
Desmophyllum_pertusum,418.3,21.49,40.655,2.03
Dendrophyllia_sp,112.3,22.81,40.346,4.75
Dendrophyllia_sp,122.0,20.48,40.563,4.68
Dendrophyllia_sp,89.4,19.91,40.36,4.68
Stylophora_pistillata,0.9,23.45,40.841,4.8
Dendrophyllia_sp,73.6,24.32,40.294,4.57
Desmophyllum_pertusum,366.8,20.25,40.473,1.44
Dendrophyllia_sp,129.4,21.07,40.281,4.8
Stylophora_pistillata,36.3,25.32,40.348,5.03
Stylophora_pistillata,14.8,24.92,40.542,5.26
Desmophyllum_pertusum,345.8,21.28,40.558,1.44
Dendrophyllia_sp,90.3,22.08,40.597,4.79
Dendrophyllia_sp,108.1,21.9,40.659,4.68
Desmophyllum_pertusum,393.2,22.06,40.457,2.13
Stylophora_pistillata,21.4,24.72,40.739,4.99
Desmophyllum_pertusum,387.9,20.34,40.402,2.05
Stylophora_pistillata,16.3,25.9,40.174,5.33
Dendrophyllia_sp,104.0,21.15,40.572,4.63
Desmophyllum_pertusum,359.4,20.18,40.747,2.28
Dendrophyllia_sp,56.0,25.01,40.647,4.99
Desmophyllum_pertusum,410.3,18.95,40.303,1.98
Stylophora_pistillata,6.2,25.37,40.515,5.28
Stylophora_pistillata,10.1,28.41,40.728,5.26
Stylophora_pistillata,18.0,27.0,40.139,5.95
Stylophora_pistillata,26.9,25.58,40.553,5.3
Desmophyllum_pertusum,458.7,20.27,40.118,1.86
Stylophora_pistillata,41.4,27.66,40.618,5.39
Desmophyllum_pertusum,407.9,22.64,40.542,2.19
Desmophyllum_pertusum,340.5,20.96,40.607,1.86
Stylophora_pistillata,30.1,25.71,40.101,5.25
Stylophora_pistillata,28.8,22.64,40.299,4.77
Desmophyllum_pertusum,411.8,22.4,40.618,1.97
Dendrophyllia_sp,133.6,21.75,40.602,4.49
Desmophyllum_pertusum,382.5,21.26,40.57,2.11
Stylophora_pistillata,10.4,26.88,40.351,6.46
Stylophora_pistillata,1.9,26.59,40.303,4.52
Stylophora_pistillata,9.8,27.25,40.275,5.92
Dendrophyllia_sp,81.5,22.3,40.466,4.64
Stylophora_pistillata,26.8,27.12,40.595,4.79
Stylophora_pistillata,31.5,26.0,40.849,5.58
Stylophora_pistillata,5.4,24.61,40.45,4.89
Dendrophyllia_sp,85.5,19.05,40.683,4.35
Dendrophyllia_sp,129.2,23.73,40.844,4.18
Dendrophyllia_sp,95.4,23.2,40.46,4.01
Desmophyllum_pertusum,533.0,19.43,40.531,2.65
Stylophora_pistillata,15.2,25.64,40.574,5.66
Stylophora_pistillata,30.7,25.55,40.831,5.1
Desmophyllum_pertusum,459.4,21.03,40.57,2.12
Dendrophyllia_sp,121.9,21.47,40.554,4.5
Desmophyllum_pertusum,444.0,20.6,40.509,1.57
Desmophyllum_pertusum,415.7,22.04,40.432,2.13
Stylophora_pistillata,21.1,23.84,40.054,5.6
Desmophyllum_pertusum,368.2,21.38,40.261,2.26
Dendrophyllia_sp,103.2,22.89,40.761,5.05
Desmophyllum_pertusum,438.7,20.99,40.73,2.51
Desmophyllum_pertusum,409.8,21.25,40.158,1.99
Dendrophyllia_sp,129.4,23.3,40.281,4.85
Stylophora_pistillata,14.8,27.05,40.696,6.56
Stylophora_pistillata,27.7,25.61,40.36,5.47
Stylophora_pistillata,24.2,25.33,40.308,5.82
Stylophora_pistillata,19.8,27.53,40.468,5.52
Dendrophyllia_sp,97.3,23.28,40.595,3.99
Dendrophyllia_sp,72.4,21.13,40.271,4.5
Stylophora_pistillata,9.0,25.98,40.321,5.04
Dendrophyllia_sp,77.0,21.7,40.13,3.83
Desmophyllum_pertusum,458.5,21.51,40.528,1.7
Stylophora_pistillata,26.2,23.03,40.526,4.51
Stylophora_pistillata,18.3,28.77,40.282,5.44
Desmophyllum_pertusum,456.3,20.63,40.846,1.8
Stylophora_pistillata,20.1,25.85,40.846,5.38
Desmophyllum_pertusum,360.8,21.54,40.387,2.1
Stylophora_pistillata,27.5,24.23,40.288,5.79
Desmophyllum_pertusum,405.4,19.93,40.461,2.04
Dendrophyllia_sp,116.1,21.95,40.667,3.99
Desmophyllum_pertusum,398.9,20.56,40.679,1.54
Dendrophyllia_sp,95.4,22.66,40.955,4.23
Dendrophyllia_sp,98.4,21.54,40.492,4.71
Stylophora_pistillata,20.0,25.52,40.512,6.36
Desmophyllum_pertusum,410.6,20.06,40.455,1.43
Desmophyllum_pertusum,381.5,22.46,40.465,2.03
Dendrophyllia_sp,96.2,22.69,40.236,4.7
Dendrophyllia_sp,85.1,21.11,40.833,4.62
Dendrophyllia_sp,96.3,20.62,40.248,5.03
Desmophyllum_pertusum,418.7,20.96,40.43,2.04
Dendrophyllia_sp,58.4,20.28,40.211,4.67
Dendrophyllia_sp,85.3,21.54,40.713,4.14
Desmophyllum_pertusum,353.7,22.26,40.475,1.93
Stylophora_pistillata,28.9,27.38,40.622,5.03
Stylophora_pistillata,32.4,26.71,40.645,5.5
Dendrophyllia_sp,60.9,22.86,40.573,4.7
Stylophora_pistillata,27.3,26.55,40.283,5.09
Dendrophyllia_sp,134.3,23.13,40.535,4.01
Stylophora_pistillata,7.3,26.26,40.721,4.91
Dendrophyllia_sp,96.2,22.11,40.474,4.01
Stylophora_pistillata,24.2,27.68,40.46,4.81
Desmophyllum_pertusum,446.6,21.72,40.504,1.54
Dendrophyllia_sp,116.7,21.83,40.516,4.81
Stylophora_pistillata,21.1,22.83,40.791,4.6
Desmophyllum_pertusum,381.6,21.08,40.213,2.02
Dendrophyllia_sp,115.9,19.91,40.489,3.4
Stylophora_pistillata,11.3,23.4,40.265,5.64
Desmophyllum_pertusum,462.0,20.8,40.692,1.77
Dendrophyllia_sp,87.9,22.66,40.331,4.39
Stylophora_pistillata,35.5,25.31,40.415,5.16
Dendrophyllia_sp,104.8,23.82,40.385,4.42
Dendrophyllia_sp,87.1,20.16,40.324,4.64
Desmophyllum_pertusum,431.1,19.73,40.604,2.51
Dendrophyllia_sp,121.1,22.9,40.335,4.41
Desmophyllum_pertusum,342.1,20.72,40.424,1.55
Stylophora_pistillata,51.9,27.74,40.297,4.61
Dendrophyllia_sp,107.2,21.58,40.421,4.1
Desmophyllum_pertusum,355.0,20.85,40.822,2.24
Dendrophyllia_sp,119.2,20.14,40.567,4.56
Dendrophyllia_sp,104.0,19.61,40.746,4.64
Dendrophyllia_sp,87.8,22.98,40.665,4.2
Dendrophyllia_sp,30.4,22.83,40.288,3.96
Dendrophyllia_sp,77.3,23.22,40.631,5.0
Stylophora_pistillata,3.9,26.55,40.724,5.96
Desmophyllum_pertusum,426.3,21.29,40.423,1.38
Stylophora_pistillata,31.7,26.95,40.761,5.43
Dendrophyllia_sp,112.1,22.77,40.565,4.72
Stylophora_pistillata,18.2,24.04,40.707,5.62
Desmophyllum_pertusum,447.9,20.1,40.389,2.06
Desmophyllum_pertusum,375.1,21.88,40.475,2.15
Stylophora_pistillata,6.0,26.88,40.539,6.8
Stylophora_pistillata,15.4,25.42,40.27,6.39
Stylophora_pistillata,16.9,26.5,40.359,6.5
Desmophyllum_pertusum,303.8,21.36,40.598,2.07
Desmophyllum_pertusum,395.0,21.58,40.113,1.39
Stylophora_pistillata,27.6,25.11,40.458,4.77
Dendrophyllia_sp,52.0,22.3,40.822,5.62
Stylophora_pistillata,22.5,27.22,40.177,5.45
Stylophora_pistillata,50.0,26.65,40.662,5.52
Stylophora_pistillata,1.7,26.33,40.57,6.13
Stylophora_pistillata,17.0,26.27,40.708,6.38
Dendrophyllia_sp,121.3,20.58,40.25,4.02
Desmophyllum_pertusum,405.4,20.88,40.622,1.78
Desmophyllum_pertusum,355.1,22.2,40.72,1.85
Stylophora_pistillata,19.2,23.19,40.598,5.62
Stylophora_pistillata,17.3,24.23,40.841,4.57
Desmophyllum_pertusum,387.8,20.87,40.55,2.04
Desmophyllum_pertusum,473.7,21.79,40.685,1.93
Dendrophyllia_sp,131.8,22.09,40.445,3.77
Dendrophyllia_sp,65.1,21.82,40.363,4.34
Dendrophyllia_sp,98.0,22.78,40.604,4.85
Dendrophyllia_sp,126.5,23.23,40.777,4.69
Dendrophyllia_sp,103.7,23.3,40.475,4.29
Desmophyllum_pertusum,371.1,21.03,40.591,2.3
Stylophora_pistillata,6.8,26.18,40.114,4.95
Stylophora_pistillata,7.5,25.89,40.691,5.42
Desmophyllum_pertusum,485.7,21.69,40.24,1.33
Dendrophyllia_sp,46.0,24.36,40.385,4.68
Dendrophyllia_sp,116.1,21.08,40.454,4.54
Dendrophyllia_sp,130.4,21.43,40.398,4.19
Stylophora_pistillata,28.2,26.25,40.162,5.5
Desmophyllum_pertusum,409.3,21.3,40.903,2.01
Dendrophyllia_sp,142.4,23.68,41.087,4.29
Desmophyllum_pertusum,431.4,20.4,40.833,2.24
Desmophyllum_pertusum,353.7,21.36,40.281,1.88
Dendrophyllia_sp,116.5,22.39,40.585,4.07
Desmophyllum_pertusum,373.7,20.29,40.099,2.19
Dendrophyllia_sp,133.4,21.66,40.336,4.83
Stylophora_pistillata,19.9,28.94,40.57,6.25
Dendrophyllia_sp,117.4,21.03,40.284,4.8
Desmophyllum_pertusum,464.8,20.85,40.815,2.5
Dendrophyllia_sp,93.2,20.14,40.304,5.36
Stylophora_pistillata,21.6,25.91,40.686,5.14
Dendrophyllia_sp,94.1,23.15,40.448,3.88
Stylophora_pistillata,24.0,24.78,40.275,5.33
Desmophyllum_pertusum,414.4,19.71,40.361,1.62
Dendrophyllia_sp,113.1,21.92,40.529,4.2
Desmophyllum_pertusum,513.4,21.37,40.3,3.0
Desmophyllum_pertusum,406.6,20.78,40.456,1.91
Stylophora_pistillata,1.9,26.13,40.732,5.7
Stylophora_pistillata,24.6,26.05,40.872,5.4
Dendrophyllia_sp,142.9,22.29,40.416,4.61
Stylophora_pistillata,46.8,25.52,40.622,5.76
Desmophyllum_pertusum,351.9,21.26,40.462,1.64
Desmophyllum_pertusum,318.4,19.81,40.935,1.89
Desmophyllum_pertusum,384.6,21.12,40.546,2.81
Stylophora_pistillata,11.1,26.52,40.262,5.79
Stylophora_pistillata,16.4,27.34,40.418,5.34
Desmophyllum_pertusum,382.3,20.94,40.424,1.87
Desmophyllum_pertusum,513.3,21.14,40.631,0.86
Desmophyllum_pertusum,407.9,20.97,40.57,2.62
Dendrophyllia_sp,123.1,21.44,40.488,4.36
Dendrophyllia_sp,86.0,24.65,40.465,4.28
Dendrophyllia_sp,102.5,20.72,40.717,5.0
Dendrophyllia_sp,78.9,21.61,40.775,4.12
Stylophora_pistillata,23.6,27.13,40.576,5.26
Dendrophyllia_sp,87.1,21.93,40.56,4.58
Dendrophyllia_sp,132.6,23.51,40.477,4.24
Desmophyllum_pertusum,447.0,21.86,40.873,2.29
Stylophora_pistillata,0.7,28.48,40.224,5.75
Dendrophyllia_sp,118.2,23.75,40.328,4.45
Desmophyllum_pertusum,350.2,20.23,40.263,1.94
Dendrophyllia_sp,63.3,20.18,40.651,3.78
Dendrophyllia_sp,140.4,22.51,40.719,4.49
Dendrophyllia_sp,119.2,21.37,40.588,4.31
Desmophyllum_pertusum,437.2,20.63,40.19,2.26
Desmophyllum_pertusum,399.9,20.19,40.515,2.4
Dendrophyllia_sp,55.8,22.79,40.151,4.71
Dendrophyllia_sp,39.9,24.59,40.414,4.61
Desmophyllum_pertusum,407.1,21.28,40.383,1.94
Dendrophyllia_sp,122.4,22.03,40.737,4.52
Dendrophyllia_sp,140.4,21.31,40.266,4.36
Dendrophyllia_sp,127.2,20.11,40.824,4.65
Dendrophyllia_sp,105.3,20.66,40.259,4.73
Desmophyllum_pertusum,377.0,20.87,40.313,2.05
Dendrophyllia_sp,121.0,22.57,40.736,5.53
Desmophyllum_pertusum,345.8,21.43,40.917,1.89
Dendrophyllia_sp,98.6,21.69,40.421,4.85
Desmophyllum_pertusum,438.4,20.43,40.309,2.4
Desmophyllum_pertusum,356.0,21.29,40.366,2.29
Desmophyllum_pertusum,345.9,20.65,40.777,2.11
Stylophora_pistillata,9.2,22.95,40.374,5.01
Dendrophyllia_sp,119.0,20.85,40.681,4.53
Dendrophyllia_sp,97.7,19.8,40.226,4.23
Stylophora_pistillata,36.4,26.61,40.806,5.29
Desmophyllum_pertusum,393.7,21.34,40.379,1.92
Dendrophyllia_sp,55.9,21.37,41.053,4.39
Stylophora_pistillata,25.5,26.34,40.628,5.27
Dendrophyllia_sp,100.0,21.83,40.733,4.77
Stylophora_pistillata,14.4,24.25,40.489,4.37
Desmophyllum_pertusum,403.2,20.64,40.759,2.6
Desmophyllum_pertusum,468.3,21.2,40.48,1.88
Stylophora_pistillata,27.7,25.25,40.461,4.67
Stylophora_pistillata,31.0,24.69,40.463,4.4
Stylophora_pistillata,49.2,26.23,40.64,4.52
Dendrophyllia_sp,105.3,21.59,40.507,3.78
Dendrophyllia_sp,62.6,21.47,40.466,3.91
Stylophora_pistillata,15.6,26.41,40.321,5.77
Desmophyllum_pertusum,493.8,19.73,40.721,2.18
Dendrophyllia_sp,54.7,20.55,40.355,4.44
Desmophyllum_pertusum,453.9,21.78,40.872,1.99
Stylophora_pistillata,25.6,24.0,40.544,6.5
Dendrophyllia_sp,65.4,23.88,40.082,3.17
Stylophora_pistillata,3.7,28.77,40.762,4.32
Stylophora_pistillata,19.1,26.74,40.606,5.2
Dendrophyllia_sp,135.7,24.82,40.393,4.89
Stylophora_pistillata,13.5,25.3,40.567,5.43
Stylophora_pistillata,18.7,23.83,40.576,5.97
Stylophora_pistillata,23.1,26.87,40.445,5.88
Dendrophyllia_sp,56.8,21.78,40.454,4.16
Stylophora_pistillata,8.1,26.57,40.303,5.3
Dendrophyllia_sp,88.3,23.23,40.712,4.29
Dendrophyllia_sp,86.4,19.81,40.52,4.55
Dendrophyllia_sp,84.8,21.25,40.28,5.07
Stylophora_pistillata,25.2,26.78,40.602,5.1
Stylophora_pistillata,26.8,25.03,40.364,5.19
Stylophora_pistillata,9.9,26.96,40.452,5.79
Dendrophyllia_sp,121.8,21.27,40.498,4.54
Stylophora_pistillata,16.1,23.82,40.641,5.18
Dendrophyllia_sp,104.3,20.06,40.542,5.06
Desmophyllum_pertusum,498.4,21.49,40.235,1.89
Stylophora_pistillata,19.6,25.58,40.26,5.01
Stylophora_pistillata,32.3,24.7,40.818,6.2
Dendrophyllia_sp,73.5,23.88,40.378,4.36
Dendrophyllia_sp,125.5,22.69,40.295,4.12
Dendrophyllia_sp,69.4,21.14,40.667,4.06
Stylophora_pistillata,5.4,26.64,40.764,4.77
Stylophora_pistillata,37.3,24.98,40.694,5.44
Stylophora_pistillata,16.4,26.03,40.636,4.82
Stylophora_pistillata,2.7,26.51,40.663,6.12
Stylophora_pistillata,35.9,26.54,40.29,5.17
Desmophyllum_pertusum,445.0,20.92,40.362,2.42
Dendrophyllia_sp,104.2,22.38,40.296,4.45
Dendrophyllia_sp,109.3,19.65,40.499,5.24
Stylophora_pistillata,3.8,28.52,40.74,5.71
Stylophora_pistillata,26.7,27.95,40.405,5.32
Dendrophyllia_sp,131.0,21.43,40.375,4.27
Dendrophyllia_sp,107.1,21.87,40.326,4.81
Desmophyllum_pertusum,440.0,20.8,40.536,1.92
Stylophora_pistillata,22.4,25.43,40.288,5.74
Desmophyllum_pertusum,439.8,21.35,40.348,1.94
Dendrophyllia_sp,102.7,21.77,40.746,4.94
Stylophora_pistillata,19.2,24.25,39.934,5.11
Stylophora_pistillata,1.7,27.34,40.737,4.92
Stylophora_pistillata,42.4,25.89,40.402,4.66
Desmophyllum_pertusum,439.1,20.18,40.194,2.83
Desmophyllum_pertusum,401.6,20.14,40.529,1.9
Desmophyllum_pertusum,342.8,20.47,40.116,1.62
Desmophyllum_pertusum,379.7,22.66,40.21,2.01
Stylophora_pistillata,25.2,24.87,40.756,5.93
Dendrophyllia_sp,74.1,21.52,40.846,4.81
Dendrophyllia_sp,56.3,23.27,40.695,4.41
Desmophyllum_pertusum,428.8,20.47,40.697,2.06
Dendrophyllia_sp,143.1,23.29,40.363,4.61
Dendrophyllia_sp,122.2,21.84,40.16,3.33
Dendrophyllia_sp,61.2,22.62,40.427,4.79
Dendrophyllia_sp,47.0,23.1,40.773,4.96
Desmophyllum_pertusum,491.2,20.8,40.411,1.82
Stylophora_pistillata,24.6,26.13,40.438,5.1
Stylophora_pistillata,9.4,22.19,40.434,6.48
Dendrophyllia_sp,124.4,20.87,40.659,4.87
Stylophora_pistillata,25.8,25.7,40.147,5.5
Dendrophyllia_sp,137.8,20.59,40.452,5.07
Desmophyllum_pertusum,357.2,21.76,40.914,2.19
Dendrophyllia_sp,111.7,22.78,40.377,4.52
Desmophyllum_pertusum,386.4,20.65,40.417,2.02
Desmophyllum_pertusum,452.4,20.61,40.324,1.89
Dendrophyllia_sp,107.7,23.15,40.431,3.96
Desmophyllum_pertusum,328.8,20.82,40.354,2.0
Desmophyllum_pertusum,406.4,20.91,40.467,1.73
Stylophora_pistillata,23.2,24.49,40.671,6.04
Desmophyllum_pertusum,428.8,20.59,40.351,2.28
Desmophyllum_pertusum,369.1,20.74,40.138,2.39
Stylophora_pistillata,22.8,26.62,40.691,5.37
Desmophyllum_pertusum,446.4,20.95,40.681,2.34
Desmophyllum_pertusum,388.9,19.7,40.588,2.72
Stylophora_pistillata,9.3,24.75,40.327,5.91
Dendrophyllia_sp,95.8,20.62,40.337,4.78
Stylophora_pistillata,32.4,28.58,40.419,6.31
Stylophora_pistillata,18.6,27.28,40.771,5.27
Desmophyllum_pertusum,390.1,21.45,40.653,1.57
Dendrophyllia_sp,106.0,20.86,40.297,3.47
Dendrophyllia_sp,87.9,23.48,40.634,5.04
Stylophora_pistillata,25.5,23.53,40.567,5.06
Stylophora_pistillata,35.9,25.18,40.845,5.43
Dendrophyllia_sp,134.8,21.95,40.482,4.6
Desmophyllum_pertusum,473.9,19.63,40.451,2.24
Dendrophyllia_sp,74.7,20.67,40.109,4.47
Stylophora_pistillata,11.6,27.63,40.699,6.07
Desmophyllum_pertusum,316.1,20.94,40.535,1.41
Desmophyllum_pertusum,489.3,20.07,40.686,1.74
Dendrophyllia_sp,73.8,23.33,40.439,5.15
Stylophora_pistillata,7.1,24.68,40.668,5.85
Dendrophyllia_sp,95.1,23.18,40.54,4.82
Desmophyllum_pertusum,363.5,22.18,40.31,2.52
Stylophora_pistillata,5.7,23.63,40.739,4.74
Dendrophyllia_sp,141.9,20.14,40.314,4.56
Stylophora_pistillata,25.9,27.52,40.769,5.8
Dendrophyllia_sp,130.8,23.4,40.604,3.84
Stylophora_pistillata,41.1,25.87,40.695,5.19
Desmophyllum_pertusum,452.1,21.77,40.469,2.49
Dendrophyllia_sp,91.5,19.67,40.766,4.99
Dendrophyllia_sp,89.1,20.59,40.878,4.25
Stylophora_pistillata,12.9,26.62,40.693,4.86
Dendrophyllia_sp,155.8,20.36,40.709,3.99
Desmophyllum_pertusum,280.9,20.77,40.09,2.18
Stylophora_pistillata,30.4,25.98,40.359,4.86
Stylophora_pistillata,12.3,26.31,40.742,5.24
Stylophora_pistillata,20.9,24.06,40.721,6.44
Desmophyllum_pertusum,363.5,20.72,40.542,2.13
Desmophyllum_pertusum,420.3,21.19,40.445,2.06
Dendrophyllia_sp,107.9,22.37,40.52,4.43
Desmophyllum_pertusum,425.9,21.18,40.687,1.96
Dendrophyllia_sp,96.1,21.54,40.456,4.54
Desmophyllum_pertusum,451.4,21.75,40.558,2.31
Stylophora_pistillata,30.8,23.82,40.335,6.24
Dendrophyllia_sp,92.6,23.9,40.884,4.45
Dendrophyllia_sp,118.3,23.3,40.431,4.83
Dendrophyllia_sp,141.7,21.6,40.159,4.36
Dendrophyllia_sp,61.9,19.27,40.184,4.51
Dendrophyllia_sp,100.5,21.7,40.366,4.34
Stylophora_pistillata,4.6,24.91,40.316,4.53
Stylophora_pistillata,22.8,24.12,40.428,5.21
Desmophyllum_pertusum,406.2,21.8,40.498,2.32
Dendrophyllia_sp,110.2,20.46,40.64,3.93
Stylophora_pistillata,30.3,24.66,40.699,5.81
Desmophyllum_pertusum,381.9,21.47,40.637,1.92
Dendrophyllia_sp,69.5,19.23,40.507,4.71
Dendrophyllia_sp,139.3,24.89,40.172,4.03
Stylophora_pistillata,16.9,29.63,40.823,5.97
Desmophyllum_pertusum,430.1,20.17,40.215,1.61
Desmophyllum_pertusum,390.8,22.99,40.478,2.21
Dendrophyllia_sp,127.4,22.29,41.017,4.51
Stylophora_pistillata,2.6,26.63,40.146,5.58
Stylophora_pistillata,11.8,25.64,40.75,6.41
Desmophyllum_pertusum,360.8,20.18,40.501,2.68
Desmophyllum_pertusum,440.7,20.72,40.498,2.76
Stylophora_pistillata,31.9,27.78,40.72,5.34
Desmophyllum_pertusum,427.9,21.01,40.06,1.66
Dendrophyllia_sp,25.5,20.36,40.4,4.23
Stylophora_pistillata,6.1,27.74,40.358,7.16
Dendrophyllia_sp,66.3,22.08,40.391,5.1
Dendrophyllia_sp,94.0,22.2,40.394,4.6
Dendrophyllia_sp,87.7,21.6,40.437,5.42
Dendrophyllia_sp,75.7,24.56,40.85,3.98
Stylophora_pistillata,19.5,24.09,40.76,4.77
Desmophyllum_pertusum,403.1,20.95,40.443,2.19
Stylophora_pistillata,16.0,25.37,40.674,6.05
Dendrophyllia_sp,91.6,20.15,40.234,5.09
Desmophyllum_pertusum,411.5,20.95,40.717,2.24
Stylophora_pistillata,11.4,26.44,40.546,5.23
Desmophyllum_pertusum,402.0,20.58,40.66,1.48
Desmophyllum_pertusum,413.4,22.18,40.812,1.62
Stylophora_pistillata,33.8,27.53,40.541,5.11
Stylophora_pistillata,20.7,24.96,40.723,5.66
Stylophora_pistillata,11.1,25.55,40.58,6.04
Dendrophyllia_sp,53.3,19.11,40.494,4.6
Dendrophyllia_sp,108.0,23.66,40.632,4.06
Stylophora_pistillata,24.1,26.63,40.227,4.83
Desmophyllum_pertusum,389.5,20.98,40.417,2.37
Stylophora_pistillata,15.4,26.39,40.66,5.18
Desmophyllum_pertusum,297.7,21.55,40.711,2.25
Dendrophyllia_sp,117.6,24.38,40.439,4.74
Dendrophyllia_sp,104.9,21.68,40.084,4.59
Dendrophyllia_sp,80.4,20.7,40.944,4.03
Dendrophyllia_sp,120.2,21.42,40.37,4.58
Dendrophyllia_sp,56.2,20.58,40.899,4.33
Stylophora_pistillata,6.6,27.47,40.767,6.2
Desmophyllum_pertusum,428.2,21.24,40.027,1.95
Desmophyllum_pertusum,347.0,20.85,40.417,2.38
Desmophyllum_pertusum,304.1,20.16,40.404,2.2
Desmophyllum_pertusum,262.5,20.88,40.227,1.82
Desmophyllum_pertusum,413.6,19.97,40.17,2.11
Stylophora_pistillata,21.4,26.43,40.507,5.48
Desmophyllum_pertusum,419.0,21.67,40.423,1.81
Desmophyllum_pertusum,388.0,21.97,40.581,2.2
Desmophyllum_pertusum,382.1,21.06,40.517,2.01
Desmophyllum_pertusum,463.9,20.97,40.355,2.42
Stylophora_pistillata,21.1,23.7,40.704,5.88
Dendrophyllia_sp,110.8,24.96,40.462,4.39
Desmophyllum_pertusum,485.1,20.65,40.151,2.05
Desmophyllum_pertusum,466.1,21.47,40.465,2.91
Desmophyllum_pertusum,433.2,21.33,40.175,1.69
Desmophyllum_pertusum,372.3,20.58,40.707,2.11
Stylophora_pistillata,27.4,24.8,40.374,6.6
Dendrophyllia_sp,104.1,21.85,40.313,4.25
Dendrophyllia_sp,89.2,24.49,40.406,5.36
Dendrophyllia_sp,74.8,20.7,40.745,5.62
Desmophyllum_pertusum,379.5,21.09,40.921,1.82
Desmophyllum_pertusum,506.0,20.93,40.369,2.29
Desmophyllum_pertusum,406.3,21.3,40.468,2.87
Desmophyllum_pertusum,322.0,21.02,40.292,1.6
Desmophyllum_pertusum,381.7,22.49,40.496,2.49
Desmophyllum_pertusum,418.6,20.46,40.575,2.02
Desmophyllum_pertusum,369.0,20.84,40.591,1.24
Dendrophyllia_sp,78.4,21.65,40.516,4.58
Stylophora_pistillata,13.3,24.9,40.507,6.06
Stylophora_pistillata,19.0,26.96,40.582,5.46
Stylophora_pistillata,7.5,26.99,40.726,6.04
Desmophyllum_pertusum,386.3,21.6,40.507,2.28
Desmophyllum_pertusum,365.8,20.13,40.32,1.98
Stylophora_pistillata,37.3,26.27,40.22,5.48
Dendrophyllia_sp,105.3,20.81,40.708,4.92
Dendrophyllia_sp,67.7,22.28,40.259,4.85
Stylophora_pistillata,26.0,25.56,40.688,6.06
Stylophora_pistillata,25.3,26.47,40.563,5.28
Desmophyllum_pertusum,414.2,21.71,40.376,2.41
Dendrophyllia_sp,106.6,23.66,40.325,4.74
Dendrophyllia_sp,142.3,23.48,40.61,4.8
Desmophyllum_pertusum,438.8,20.59,39.894,1.87
Stylophora_pistillata,3.0,25.28,40.551,5.11
Stylophora_pistillata,22.3,25.21,40.579,5.74
Stylophora_pistillata,8.9,24.89,40.771,5.3
Desmophyllum_pertusum,351.0,20.17,40.23,1.61
Stylophora_pistillata,21.6,24.15,40.433,5.71
Dendrophyllia_sp,87.5,21.86,40.384,4.49
Desmophyllum_pertusum,313.5,19.7,40.455,2.12
Desmophyllum_pertusum,485.6,22.3,40.302,1.6
Stylophora_pistillata,24.1,25.85,40.598,4.15
Stylophora_pistillata,2.4,26.19,40.545,5.59
Dendrophyllia_sp,97.6,22.0,40.849,4.67
Dendrophyllia_sp,118.9,20.67,40.671,4.08
Stylophora_pistillata,9.2,27.03,40.696,5.56
Desmophyllum_pertusum,440.5,21.43,40.623,1.57
Dendrophyllia_sp,86.4,21.4,40.477,4.02
Dendrophyllia_sp,105.8,22.34,40.509,5.29
Stylophora_pistillata,15.5,25.94,40.671,6.51
Stylophora_pistillata,13.8,28.41,40.313,5.28
Desmophyllum_pertusum,355.3,20.49,40.809,1.61
Stylophora_pistillata,16.6,25.68,40.22,4.75
Dendrophyllia_sp,96.2,21.94,40.525,4.4
Stylophora_pistillata,19.5,24.74,40.062,5.24
Desmophyllum_pertusum,447.3,20.53,40.789,2.05
Dendrophyllia_sp,131.9,22.57,40.673,4.01
Desmophyllum_pertusum,387.3,20.77,40.094,1.9
Dendrophyllia_sp,145.1,20.05,40.579,4.4
Desmophyllum_pertusum,373.7,22.29,40.471,1.99
Stylophora_pistillata,6.5,24.55,40.795,5.68
Desmophyllum_pertusum,477.4,19.55,40.364,1.98
Dendrophyllia_sp,86.2,21.07,40.909,4.68
Dendrophyllia_sp,79.0,22.0,40.529,4.17
Dendrophyllia_sp,137.6,22.62,40.628,4.02
Desmophyllum_pertusum,378.9,19.83,40.278,1.95
Desmophyllum_pertusum,322.3,21.47,40.652,2.13
Stylophora_pistillata,20.1,23.95,40.291,5.29
Dendrophyllia_sp,99.0,24.79,40.681,4.56
Desmophyllum_pertusum,447.3,21.76,40.586,1.85
Desmophyllum_pertusum,474.4,21.14,40.233,1.73
Dendrophyllia_sp,105.5,22.19,40.613,3.61
Dendrophyllia_sp,161.7,20.31,40.327,3.9
Stylophora_pistillata,27.7,24.56,41.042,5.6
Stylophora_pistillata,15.4,25.78,40.434,4.96
Dendrophyllia_sp,81.4,21.15,40.659,4.86
Dendrophyllia_sp,59.8,21.98,40.725,5.06
Stylophora_pistillata,34.3,26.94,40.442,6.17
Desmophyllum_pertusum,383.2,21.97,40.607,2.2
Stylophora_pistillata,18.1,29.44,40.335,5.52
Dendrophyllia_sp,82.8,20.79,40.436,4.56
Dendrophyllia_sp,54.0,19.68,40.783,4.54
Desmophyllum_pertusum,463.0,21.5,40.313,1.87
Dendrophyllia_sp,77.0,21.42,40.62,4.31
Stylophora_pistillata,28.5,27.84,40.27,5.43
Desmophyllum_pertusum,427.9,21.69,40.464,2.55
Desmophyllum_pertusum,320.9,21.07,40.962,2.06
Dendrophyllia_sp,81.4,22.36,40.474,4.89
Desmophyllum_pertusum,502.8,20.35,40.329,1.87
Desmophyllum_pertusum,350.6,22.08,40.363,1.05
Dendrophyllia_sp,125.1,23.74,40.881,4.61
Desmophyllum_pertusum,348.9,21.86,40.29,1.52
Desmophyllum_pertusum,388.7,19.95,40.76,1.66
Dendrophyllia_sp,121.6,21.39,40.263,4.94
Dendrophyllia_sp,51.0,20.67,40.403,4.73
Stylophora_pistillata,7.8,26.5,40.466,5.76
Stylophora_pistillata,26.1,26.68,40.5,5.34
Desmophyllum_pertusum,380.1,20.1,40.37,1.84
Stylophora_pistillata,21.5,27.38,40.151,5.8
Desmophyllum_pertusum,373.4,20.28,40.511,2.65
Stylophora_pistillata,22.5,26.93,40.984,5.7
Desmophyllum_pertusum,382.8,21.22,40.811,2.42
Stylophora_pistillata,41.4,27.93,40.731,5.34
Dendrophyllia_sp,90.2,19.66,40.409,4.99
Desmophyllum_pertusum,372.2,21.54,40.408,1.97
Desmophyllum_pertusum,376.5,20.42,40.548,1.79
Dendrophyllia_sp,99.5,21.69,40.331,4.6
Stylophora_pistillata,14.5,29.88,40.737,4.87
Dendrophyllia_sp,108.4,22.18,40.495,4.96
Dendrophyllia_sp,117.6,21.7,40.967,4.39
Desmophyllum_pertusum,480.1,21.95,40.643,2.25
Desmophyllum_pertusum,433.0,21.45,40.34,1.83
Stylophora_pistillata,11.6,24.66,40.461,4.91
Desmophyllum_pertusum,444.3,20.03,40.272,1.73
Stylophora_pistillata,0.2,24.6,40.886,5.21
Dendrophyllia_sp,48.0,20.41,40.492,4.55
Stylophora_pistillata,9.5,27.1,40.359,5.72
Dendrophyllia_sp,105.2,20.6,40.545,4.32
Desmophyllum_pertusum,443.1,21.41,40.332,1.8
Stylophora_pistillata,14.9,26.39,40.376,5.16
Stylophora_pistillata,28.0,26.11,40.585,6.41
Dendrophyllia_sp,77.1,20.39,40.516,4.53
Stylophora_pistillata,28.6,25.17,40.402,4.98
Dendrophyllia_sp,166.6,20.2,40.578,4.19
Dendrophyllia_sp,102.1,21.77,40.684,4.55
Dendrophyllia_sp,95.1,22.36,40.149,4.41
Stylophora_pistillata,28.8,28.18,40.566,4.9
Stylophora_pistillata,28.8,25.45,40.594,5.49
Dendrophyllia_sp,102.3,21.94,40.476,4.43
Desmophyllum_pertusum,437.2,20.49,40.382,2.42
Stylophora_pistillata,22.2,23.37,40.688,5.12
Stylophora_pistillata,13.2,27.09,40.658,5.11
Desmophyllum_pertusum,556.0,20.51,40.815,2.01
Desmophyllum_pertusum,329.2,20.75,40.732,1.84
Desmophyllum_pertusum,454.4,20.85,40.297,1.51
Desmophyllum_pertusum,397.9,20.79,40.414,2.11
Dendrophyllia_sp,113.1,24.3,40.516,3.99
Stylophora_pistillata,40.8,25.55,40.741,5.61
Desmophyllum_pertusum,406.2,20.48,40.694,1.81
Desmophyllum_pertusum,341.4,21.37,40.609,1.69
Dendrophyllia_sp,90.2,22.75,40.488,4.31
Dendrophyllia_sp,70.2,21.25,40.405,4.28
Dendrophyllia_sp,140.3,20.76,40.768,4.44
Stylophora_pistillata,4.5,25.57,40.503,4.82
Dendrophyllia_sp,69.9,21.03,40.674,5.04
Dendrophyllia_sp,108.5,22.09,40.618,3.92
Stylophora_pistillata,32.3,23.66,40.712,5.02
Desmophyllum_pertusum,379.3,21.87,40.764,1.51
Dendrophyllia_sp,103.1,20.82,40.538,4.9
Stylophora_pistillata,13.5,26.15,40.661,4.98
Stylophora_pistillata,24.9,27.8,40.199,5.98
Dendrophyllia_sp,129.6,23.95,40.372,4.77
Stylophora_pistillata,27.7,27.1,40.243,5.22
Dendrophyllia_sp,166.3,20.79,40.804,4.13
Dendrophyllia_sp,95.4,21.6,40.729,4.55
Desmophyllum_pertusum,432.7,20.41,40.424,1.04
Desmophyllum_pertusum,372.0,21.24,40.902,1.77
Dendrophyllia_sp,80.1,22.19,40.199,4.52
Desmophyllum_pertusum,424.6,19.89,40.265,2.0
Dendrophyllia_sp,119.4,22.99,40.382,4.81
Stylophora_pistillata,30.6,26.49,40.5,4.87
Dendrophyllia_sp,75.4,20.13,41.036,4.09
Dendrophyllia_sp,72.4,22.83,40.61,4.1
Dendrophyllia_sp,112.2,21.6,40.132,4.07
Desmophyllum_pertusum,410.8,22.26,40.027,2.6
Desmophyllum_pertusum,323.9,21.55,40.87,2.09
Desmophyllum_pertusum,437.8,20.72,40.565,1.57
Dendrophyllia_sp,106.3,21.57,40.232,4.41
Stylophora_pistillata,14.4,27.19,40.539,5.35
Desmophyllum_pertusum,419.4,20.32,40.854,2.11
Desmophyllum_pertusum,382.3,20.84,40.58,1.56
Desmophyllum_pertusum,413.9,20.92,40.701,1.82
Dendrophyllia_sp,102.7,22.32,40.572,4.59
Dendrophyllia_sp,95.1,19.75,40.192,5.0
Stylophora_pistillata,32.7,23.78,40.238,5.79
Desmophyllum_pertusum,354.3,21.5,40.614,2.08
Stylophora_pistillata,4.7,28.05,40.495,6.07
Stylophora_pistillata,12.1,27.17,40.707,6.02
Desmophyllum_pertusum,337.6,22.05,40.326,0.95
Desmophyllum_pertusum,427.9,20.23,40.702,1.59
Dendrophyllia_sp,90.6,22.25,40.728,4.92
Desmophyllum_pertusum,420.8,20.97,40.329,2.2
Dendrophyllia_sp,107.4,24.09,40.438,4.27
Desmophyllum_pertusum,369.3,19.79,41.041,2.64
Desmophyllum_pertusum,410.0,22.26,40.213,1.87
Dendrophyllia_sp,136.8,22.58,40.291,3.88
Stylophora_pistillata,15.4,29.07,40.268,5.23
Desmophyllum_pertusum,462.6,21.5,40.405,2.17
Dendrophyllia_sp,74.3,22.72,40.527,5.06
Desmophyllum_pertusum,392.8,20.08,40.487,2.51
Stylophora_pistillata,24.8,23.83,40.538,5.42
Stylophora_pistillata,17.2,22.53,40.544,5.08
Desmophyllum_pertusum,444.2,22.12,40.444,1.66
Dendrophyllia_sp,88.9,23.78,40.429,4.09
Dendrophyllia_sp,108.9,21.32,40.492,4.38
Desmophyllum_pertusum,460.7,20.87,40.729,1.85
Desmophyllum_pertusum,470.9,20.34,40.586,1.38
Stylophora_pistillata,6.0,27.75,40.44,6.26
Desmophyllum_pertusum,444.6,21.41,40.329,1.15
Desmophyllum_pertusum,422.4,22.16,40.432,2.65
Dendrophyllia_sp,107.5,24.02,40.666,4.28
Dendrophyllia_sp,102.6,22.57,40.539,4.24
Stylophora_pistillata,16.8,26.73,40.52,5.96
Dendrophyllia_sp,104.7,24.22,40.818,3.82
Desmophyllum_pertusum,398.4,20.62,40.603,1.77
Stylophora_pistillata,17.9,23.45,40.718,4.31
Dendrophyllia_sp,80.1,20.84,40.306,4.41
Desmophyllum_pertusum,394.8,21.38,40.583,1.84
Dendrophyllia_sp,100.0,22.52,40.263,4.68
Desmophyllum_pertusum,397.7,22.46,40.584,1.96
Stylophora_pistillata,10.5,28.63,40.603,5.57
Dendrophyllia_sp,90.5,22.13,40.694,4.36
Dendrophyllia_sp,147.4,20.67,40.421,5.05
Dendrophyllia_sp,75.4,21.5,40.353,5.15
Dendrophyllia_sp,70.0,20.06,40.384,4.62
Stylophora_pistillata,15.5,28.01,40.738,5.25
Dendrophyllia_sp,110.1,20.08,40.496,4.27
Dendrophyllia_sp,112.9,21.34,40.529,4.55
Desmophyllum_pertusum,308.6,21.37,40.306,1.81
Dendrophyllia_sp,64.3,24.59,40.749,5.17
Dendrophyllia_sp,109.9,20.26,40.689,4.49
Stylophora_pistillata,11.8,26.63,40.397,6.01
Stylophora_pistillata,28.7,24.79,40.367,4.71
Dendrophyllia_sp,110.3,23.91,40.323,4.29
Dendrophyllia_sp,77.5,23.06,40.601,3.67
Stylophora_pistillata,18.9,25.26,40.069,4.81
Desmophyllum_pertusum,457.8,20.69,40.412,1.96
Stylophora_pistillata,21.9,22.24,40.372,5.57
Stylophora_pistillata,19.6,26.11,40.347,5.16
Dendrophyllia_sp,63.0,22.95,40.399,4.2
Desmophyllum_pertusum,411.7,20.69,40.627,1.72
Dendrophyllia_sp,80.5,20.51,40.299,4.78
Desmophyllum_pertusum,425.8,20.87,40.771,0.64
Stylophora_pistillata,8.5,26.95,40.391,5.84
Stylophora_pistillata,19.0,27.03,40.273,3.96
Desmophyllum_pertusum,407.8,21.25,40.445,1.6
Desmophyllum_pertusum,361.0,21.45,40.417,1.95
Dendrophyllia_sp,83.1,22.92,40.427,4.11
Desmophyllum_pertusum,391.3,20.74,40.469,2.02
Desmophyllum_pertusum,428.1,22.21,40.469,1.5
Stylophora_pistillata,13.6,26.61,40.601,5.9
Dendrophyllia_sp,86.5,21.41,40.46,4.29
Stylophora_pistillata,10.1,25.37,40.353,5.35
Desmophyllum_pertusum,429.4,20.92,40.867,1.63
Stylophora_pistillata,11.6,25.69,40.509,5.07
Desmophyllum_pertusum,396.0,20.76,40.668,2.7
Dendrophyllia_sp,89.5,23.04,40.433,4.32
Desmophyllum_pertusum,356.1,20.74,40.197,1.91
Dendrophyllia_sp,71.3,23.01,40.262,5.01
Stylophora_pistillata,41.6,24.37,40.433,6.01
Dendrophyllia_sp,135.5,21.01,40.167,4.83
Desmophyllum_pertusum,476.2,20.76,40.269,2.08
Desmophyllum_pertusum,363.2,22.04,40.511,1.75
Desmophyllum_pertusum,319.4,19.92,40.588,2.6
Stylophora_pistillata,41.2,25.45,40.341,5.16
Stylophora_pistillata,20.9,28.05,40.823,5.48
Desmophyllum_pertusum,349.4,21.38,40.192,2.02
Dendrophyllia_sp,131.6,23.8,40.719,4.78
Stylophora_pistillata,6.2,26.36,40.156,4.9
Desmophyllum_pertusum,394.6,20.55,40.397,1.57
Stylophora_pistillata,11.3,26.71,40.5,5.74
Desmophyllum_pertusum,359.2,21.53,40.442,2.67
Stylophora_pistillata,23.5,26.53,40.674,5.08
Dendrophyllia_sp,91.1,23.28,40.481,4.21
Desmophyllum_pertusum,417.5,20.7,40.178,1.62
Stylophora_pistillata,19.6,25.52,40.645,5.41
Desmophyllum_pertusum,424.3,21.46,40.474,2.39
Desmophyllum_pertusum,395.0,19.9,40.711,1.55
Dendrophyllia_sp,77.9,21.66,40.736,4.63
Desmophyllum_pertusum,409.6,20.37,40.602,2.38
Stylophora_pistillata,10.9,23.64,40.347,4.74
Desmophyllum_pertusum,376.1,20.38,40.607,1.63
Desmophyllum_pertusum,325.3,21.6,40.743,2.28
Dendrophyllia_sp,57.4,20.89,40.09,4.46
Stylophora_pistillata,16.9,25.38,40.427,4.96
Desmophyllum_pertusum,448.0,21.46,40.498,1.64
Dendrophyllia_sp,91.7,20.44,40.756,5.01
Dendrophyllia_sp,127.5,22.89,40.485,4.97
Stylophora_pistillata,15.4,24.96,40.518,6.22
Dendrophyllia_sp,82.2,21.56,40.787,5.34
Desmophyllum_pertusum,356.7,20.86,40.669,2.15
Stylophora_pistillata,6.4,27.01,40.418,4.98
Stylophora_pistillata,21.0,23.44,40.486,5.1
Desmophyllum_pertusum,381.7,21.92,40.253,1.65
Dendrophyllia_sp,90.9,21.6,40.345,5.69
Desmophyllum_pertusum,391.2,21.15,40.426,1.95
Desmophyllum_pertusum,469.7,20.43,40.516,2.29
Desmophyllum_pertusum,416.6,21.78,40.686,1.41
Dendrophyllia_sp,93.4,23.2,40.293,4.89
Stylophora_pistillata,21.4,26.11,40.494,5.68
Stylophora_pistillata,12.6,25.78,40.615,4.99
Stylophora_pistillata,21.9,24.67,40.829,5.09
Dendrophyllia_sp,85.8,21.2,39.94,4.5
Dendrophyllia_sp,111.3,21.45,40.476,5.5
Stylophora_pistillata,21.6,24.81,40.68,5.74
Dendrophyllia_sp,83.6,22.3,40.494,4.56
Desmophyllum_pertusum,429.0,21.71,40.771,1.63
Desmophyllum_pertusum,359.0,20.16,40.279,1.73
Dendrophyllia_sp,111.8,20.18,40.678,4.86
Desmophyllum_pertusum,431.6,21.21,40.051,1.95
Stylophora_pistillata,6.1,26.0,40.422,5.5
Stylophora_pistillata,2.9,25.69,40.502,5.89
Desmophyllum_pertusum,468.9,19.94,40.648,1.73
Desmophyllum_pertusum,418.6,21.28,40.512,2.39
Dendrophyllia_sp,121.3,21.27,40.538,4.27
Desmophyllum_pertusum,423.5,21.9,40.519,1.32
Desmophyllum_pertusum,418.1,20.72,40.506,1.5
Dendrophyllia_sp,143.2,22.31,40.38,4.32
Stylophora_pistillata,32.9,25.14,40.647,5.59
Dendrophyllia_sp,80.2,24.32,40.446,5.06
Desmophyllum_pertusum,399.2,20.74,40.449,1.81
Dendrophyllia_sp,93.1,21.38,40.479,3.81
Desmophyllum_pertusum,386.5,20.76,40.529,2.31
Stylophora_pistillata,9.3,24.27,40.357,5.53
Dendrophyllia_sp,69.5,22.93,40.746,4.27
Stylophora_pistillata,8.4,26.25,40.459,5.25
Desmophyllum_pertusum,403.5,20.97,40.338,1.83
Dendrophyllia_sp,113.6,21.71,40.545,4.36
Desmophyllum_pertusum,483.2,21.14,40.709,2.27
Desmophyllum_pertusum,379.9,21.73,40.562,2.0
Desmophyllum_pertusum,468.1,21.23,40.671,1.79
Dendrophyllia_sp,135.7,22.86,40.284,4.09
Desmophyllum_pertusum,426.2,20.16,40.782,2.12
Dendrophyllia_sp,90.6,23.04,40.438,4.42
Desmophyllum_pertusum,521.6,21.32,40.628,2.54
Dendrophyllia_sp,100.8,22.98,40.536,4.42
Dendrophyllia_sp,114.7,20.16,39.919,4.47
Stylophora_pistillata,18.3,24.51,40.275,4.95
Stylophora_pistillata,23.3,25.05,40.307,5.2
Stylophora_pistillata,35.1,28.44,40.584,6.1
Desmophyllum_pertusum,431.0,21.85,40.415,1.46
Desmophyllum_pertusum,390.4,22.25,40.791,1.39
Stylophora_pistillata,9.7,28.19,40.223,5.84
Desmophyllum_pertusum,365.6,20.54,40.841,2.08
Desmophyllum_pertusum,397.7,21.63,40.298,1.95
Desmophyllum_pertusum,352.5,20.88,40.608,1.97
Desmophyllum_pertusum,338.6,21.48,40.221,2.33
Dendrophyllia_sp,114.0,20.49,40.701,4.84
Stylophora_pistillata,19.5,26.04,40.225,5.03
Stylophora_pistillata,24.8,27.18,40.472,5.33
Stylophora_pistillata,21.5,22.75,40.581,6.1
Stylophora_pistillata,18.0,24.37,40.566,4.85
Stylophora_pistillata,25.0,24.55,40.329,5.48
Desmophyllum_pertusum,414.4,21.32,40.571,1.9
Stylophora_pistillata,23.9,27.3,40.388,5.72
Dendrophyllia_sp,87.2,22.58,40.577,3.45
Dendrophyllia_sp,95.1,22.51,40.491,4.84
Stylophora_pistillata,27.3,25.76,40.73,4.7
Dendrophyllia_sp,63.3,21.97,40.393,4.62
Desmophyllum_pertusum,369.2,20.57,40.746,2.07
Stylophora_pistillata,11.1,27.26,40.408,5.61
Desmophyllum_pertusum,333.1,20.9,40.235,1.95
Dendrophyllia_sp,119.5,22.85,40.767,3.99
Dendrophyllia_sp,68.1,21.41,40.413,5.0
Desmophyllum_pertusum,364.8,20.64,40.618,2.03
Dendrophyllia_sp,96.0,21.93,40.864,4.72
Desmophyllum_pertusum,344.0,22.48,40.516,1.64
Desmophyllum_pertusum,273.8,21.55,40.69,2.26
Dendrophyllia_sp,83.3,19.62,40.771,4.2
Dendrophyllia_sp,97.0,23.09,40.361,4.47
Stylophora_pistillata,38.0,26.86,40.492,6.16
Dendrophyllia_sp,75.5,23.36,40.702,3.77
Desmophyllum_pertusum,444.3,20.79,40.68,1.95
Desmophyllum_pertusum,357.5,21.27,40.25,2.61
Dendrophyllia_sp,100.0,21.72,40.61,4.03
Desmophyllum_pertusum,351.3,22.1,40.348,2.08
Stylophora_pistillata,21.0,23.12,40.926,5.45
Desmophyllum_pertusum,465.7,21.38,40.393,1.39
Dendrophyllia_sp,112.9,22.38,40.653,4.11
Desmophyllum_pertusum,346.7,21.07,40.303,1.59
Stylophora_pistillata,13.1,25.34,40.655,5.43
Desmophyllum_pertusum,479.3,21.4,40.629,2.03
Desmophyllum_pertusum,331.5,20.31,40.346,2.18
Dendrophyllia_sp,111.4,21.56,40.48,4.67
Stylophora_pistillata,30.0,24.18,40.676,4.32
Stylophora_pistillata,23.8,24.75,40.438,5.31
Stylophora_pistillata,17.5,27.93,40.2,5.78
Stylophora_pistillata,34.4,24.75,40.196,5.52
Dendrophyllia_sp,62.1,22.15,40.392,4.43
Desmophyllum_pertusum,370.9,21.47,40.508,1.44
Desmophyllum_pertusum,416.0,21.26,40.571,1.87
Dendrophyllia_sp,72.7,23.38,40.524,3.82
Dendrophyllia_sp,124.6,21.99,41.029,4.75
Desmophyllum_pertusum,391.6,21.28,40.673,2.11
Stylophora_pistillata,23.8,25.71,40.292,5.54
Dendrophyllia_sp,62.5,22.03,40.654,4.87
Stylophora_pistillata,12.1,27.92,40.791,5.14
Desmophyllum_pertusum,381.6,21.31,40.225,1.33
Stylophora_pistillata,23.2,23.88,40.688,4.5
Desmophyllum_pertusum,327.7,20.73,40.589,2.11
Stylophora_pistillata,21.5,22.14,40.65,4.73
Dendrophyllia_sp,104.7,19.87,40.362,4.11
Stylophora_pistillata,24.9,24.74,40.879,4.79
Desmophyllum_pertusum,417.7,20.15,40.216,2.33
Dendrophyllia_sp,97.7,24.46,40.492,5.42
Dendrophyllia_sp,111.7,21.29,40.201,4.22
Desmophyllum_pertusum,381.7,21.3,40.847,1.85
Dendrophyllia_sp,140.6,21.12,40.611,5.25
Desmophyllum_pertusum,402.7,19.87,40.46,1.97
Stylophora_pistillata,20.0,26.22,40.715,6.55
Dendrophyllia_sp,67.9,20.76,40.441,4.73
Desmophyllum_pertusum,464.5,20.59,40.346,1.62
Dendrophyllia_sp,134.5,20.04,40.581,4.64
Dendrophyllia_sp,100.7,19.33,40.549,5.22
Desmophyllum_pertusum,382.8,20.83,40.352,2.47
Stylophora_pistillata,29.1,25.32,40.582,5.57
Desmophyllum_pertusum,409.0,21.37,40.651,1.72
Dendrophyllia_sp,64.6,23.15,40.48,4.79
Dendrophyllia_sp,99.9,20.16,40.493,4.78
Desmophyllum_pertusum,451.1,22.6,40.397,1.91
Desmophyllum_pertusum,417.0,20.86,40.58,1.93
Stylophora_pistillata,31.5,27.72,40.481,5.62
Desmophyllum_pertusum,367.3,20.21,40.13,1.83
Desmophyllum_pertusum,508.9,21.05,40.878,1.94
Dendrophyllia_sp,95.6,22.36,40.656,3.95
Dendrophyllia_sp,94.1,19.76,40.321,4.62
Stylophora_pistillata,42.5,23.62,40.62,6.27
Desmophyllum_pertusum,392.0,21.54,40.698,2.11
Dendrophyllia_sp,79.9,21.46,40.487,5.09
Desmophyllum_pertusum,480.4,20.27,40.214,1.83
Desmophyllum_pertusum,416.6,20.99,40.45,2.66
Stylophora_pistillata,20.7,26.94,40.589,4.78
Dendrophyllia_sp,79.2,22.45,40.285,5.29
Desmophyllum_pertusum,335.3,22.13,40.381,1.84
Dendrophyllia_sp,48.5,21.98,41.112,4.45
Stylophora_pistillata,20.6,24.02,40.66,4.35
Stylophora_pistillata,44.0,27.26,40.473,4.79
Desmophyllum_pertusum,369.4,20.57,40.411,2.68
Desmophyllum_pertusum,367.1,21.72,40.484,2.16
Desmophyllum_pertusum,400.5,20.2,40.303,1.3
Dendrophyllia_sp,143.0,25.85,40.596,3.64
Dendrophyllia_sp,136.4,20.34,40.579,4.8
Desmophyllum_pertusum,391.7,20.54,40.706,2.4
Desmophyllum_pertusum,389.8,20.47,40.668,1.68
Stylophora_pistillata,37.1,25.03,40.75,6.09
Dendrophyllia_sp,69.7,19.7,40.483,4.44
Dendrophyllia_sp,131.1,22.89,40.309,4.78
Desmophyllum_pertusum,335.0,19.73,40.786,2.04
Stylophora_pistillata,3.9,24.96,40.301,5.42
Stylophora_pistillata,36.7,29.04,40.345,5.78
Desmophyllum_pertusum,302.2,21.06,40.956,1.58
Dendrophyllia_sp,92.3,24.46,40.605,4.36
Desmophyllum_pertusum,379.1,21.19,40.483,1.32
Desmophyllum_pertusum,355.8,21.09,40.321,2.0
Stylophora_pistillata,16.0,23.64,40.266,4.48
Dendrophyllia_sp,146.9,22.78,40.362,4.58
Desmophyllum_pertusum,328.3,20.66,40.579,1.91
Desmophyllum_pertusum,407.6,20.3,40.758,2.09
Desmophyllum_pertusum,414.6,21.08,40.183,1.6
Stylophora_pistillata,14.5,23.75,40.523,6.23
Stylophora_pistillata,2.0,29.78,40.247,5.42
Dendrophyllia_sp,110.8,20.8,40.653,4.55
Stylophora_pistillata,9.7,25.9,40.557,5.76
Stylophora_pistillata,30.7,26.36,40.459,5.67
Dendrophyllia_sp,85.3,22.71,40.764,4.87
Dendrophyllia_sp,127.0,22.46,40.403,4.37
Desmophyllum_pertusum,336.2,20.28,40.449,1.43
Dendrophyllia_sp,146.0,21.03,40.555,3.9
Desmophyllum_pertusum,433.0,20.6,40.438,1.88
Dendrophyllia_sp,86.2,22.45,40.771,4.67
Stylophora_pistillata,13.8,26.68,40.446,5.91
Desmophyllum_pertusum,431.0,21.99,40.177,2.81
Dendrophyllia_sp,128.4,23.23,40.529,4.37
Stylophora_pistillata,35.3,25.19,40.637,5.72
Stylophora_pistillata,14.0,27.36,40.559,6.0
Desmophyllum_pertusum,474.8,21.97,40.214,1.45
Desmophyllum_pertusum,365.3,20.97,40.8,2.14
Dendrophyllia_sp,71.7,21.11,40.789,4.5
Desmophyllum_pertusum,372.7,19.48,40.567,1.21
Stylophora_pistillata,7.0,27.01,40.639,5.59
Stylophora_pistillata,11.8,25.11,40.575,5.84
Dendrophyllia_sp,140.4,24.24,40.84,3.81
Dendrophyllia_sp,146.8,23.52,40.901,3.54
Desmophyllum_pertusum,479.1,21.0,40.636,1.04
Stylophora_pistillata,10.1,27.89,40.394,6.49
Desmophyllum_pertusum,467.2,21.37,40.09,2.1
Stylophora_pistillata,35.9,25.2,40.301,5.28
Dendrophyllia_sp,21.6,21.56,40.357,4.54
Desmophyllum_pertusum,369.4,22.48,40.177,2.26
Dendrophyllia_sp,124.3,21.28,40.463,4.99
Desmophyllum_pertusum,352.8,20.69,40.243,1.63
Desmophyllum_pertusum,372.8,20.16,40.334,1.94
Dendrophyllia_sp,94.2,22.54,40.375,4.2
Desmophyllum_pertusum,417.4,19.71,40.724,1.52
Dendrophyllia_sp,105.3,20.35,40.233,4.9
Stylophora_pistillata,20.3,25.27,40.406,5.0
Dendrophyllia_sp,118.7,18.8,40.325,4.23
Dendrophyllia_sp,97.3,20.78,40.754,4.12
Stylophora_pistillata,26.2,25.84,40.229,5.06
Stylophora_pistillata,23.2,26.39,40.433,5.79
Desmophyllum_pertusum,370.8,20.08,40.677,1.7
Dendrophyllia_sp,104.7,20.89,40.487,4.14
Stylophora_pistillata,25.8,27.64,40.659,4.78
Dendrophyllia_sp,146.5,23.49,40.346,4.3
Dendrophyllia_sp,122.3,23.5,40.197,4.17
Dendrophyllia_sp,90.1,25.75,40.338,5.26
Stylophora_pistillata,24.7,26.84,40.705,5.29
Dendrophyllia_sp,106.7,21.39,40.372,3.93
Dendrophyllia_sp,150.2,21.57,40.618,4.61
Stylophora_pistillata,28.8,27.91,40.473,5.87
Desmophyllum_pertusum,439.5,19.53,40.56,2.25
Desmophyllum_pertusum,434.9,20.42,40.277,1.8
Stylophora_pistillata,1.7,24.81,40.726,5.6
Dendrophyllia_sp,107.5,23.24,40.359,4.04
Desmophyllum_pertusum,396.6,20.89,40.345,2.25
Dendrophyllia_sp,103.7,21.07,40.335,4.84
Stylophora_pistillata,7.6,23.99,40.52,6.16
Desmophyllum_pertusum,404.9,21.19,40.324,1.98
Desmophyllum_pertusum,464.4,21.43,40.468,2.22
Desmophyllum_pertusum,396.1,19.79,40.551,1.85
Dendrophyllia_sp,126.9,22.41,40.44,5.21
Dendrophyllia_sp,137.4,21.0,40.142,5.03
Dendrophyllia_sp,109.0,20.1,40.496,4.28
Stylophora_pistillata,13.3,23.6,40.575,5.78
Dendrophyllia_sp,140.3,23.62,40.108,3.77
Stylophora_pistillata,29.6,27.13,40.598,5.54
Dendrophyllia_sp,118.9,21.01,40.288,4.84
Dendrophyllia_sp,153.7,23.37,40.317,4.12
Desmophyllum_pertusum,355.5,21.42,40.598,2.1
Desmophyllum_pertusum,397.8,21.56,40.319,2.71
Desmophyllum_pertusum,366.9,21.67,40.733,1.56
Stylophora_pistillata,5.2,25.79,40.473,4.9
Dendrophyllia_sp,139.9,20.8,40.342,4.56
Desmophyllum_pertusum,300.4,20.4,40.631,2.69
Desmophyllum_pertusum,414.1,23.09,40.617,2.17
Dendrophyllia_sp,101.0,21.38,40.705,4.96
Dendrophyllia_sp,121.3,23.29,40.642,4.95
Dendrophyllia_sp,97.4,21.48,40.556,4.36
Stylophora_pistillata,16.3,22.49,40.871,4.78
Dendrophyllia_sp,88.2,22.16,40.549,4.29
Dendrophyllia_sp,101.9,20.34,40.194,3.76
Dendrophyllia_sp,111.4,21.38,40.493,4.3
Dendrophyllia_sp,126.1,22.97,40.707,5.31
Dendrophyllia_sp,54.8,22.32,40.237,4.45
Dendrophyllia_sp,87.5,22.09,40.605,3.91
Dendrophyllia_sp,114.1,22.14,40.451,5.07
Desmophyllum_pertusum,461.4,20.44,40.636,2.32
Stylophora_pistillata,29.0,28.47,40.513,5.61
Dendrophyllia_sp,136.7,22.64,40.704,4.76
Dendrophyllia_sp,152.6,21.53,40.878,4.82
Dendrophyllia_sp,65.6,22.26,40.499,3.89
Dendrophyllia_sp,137.2,20.52,40.795,4.14
Dendrophyllia_sp,108.2,22.16,40.584,4.99
Stylophora_pistillata,16.7,23.11,40.44,4.8
Dendrophyllia_sp,113.8,23.21,40.496,4.41
Desmophyllum_pertusum,442.4,20.31,40.475,1.45
Desmophyllum_pertusum,378.6,21.59,40.732,1.7
Dendrophyllia_sp,103.0,22.48,40.7,4.65
